﻿pos_x,pos_y,rotation,side,designator,mpn,pack,footprint,value,mount_type,place
172.67,-107.1,180.0,top,C1,,,C_0603_1608Metric,10u,smt,True
152.525,-113.175,0.0,top,C2,,,C_0603_1608Metric,1u,smt,True
146.3424,-112.7506,0.0,top,C3,,,C_0603_1608Metric,10u,smt,True
146.3424,-111.1504,0.0,top,C4,,,C_0603_1608Metric,1u,smt,True
146.335,-109.55,0.0,top,C5,,,C_0603_1608Metric,10u,smt,True
172.67,-105.45,180.0,top,C6,,,C_0603_1608Metric,100u,smt,True
140.7,-119.0625,90.0,top,D1,,,LED_0603_1608Metric,GREEN LED,smt,True
139.1518,-119.0625,90.0,top,D2,,,LED_0603_1608Metric,RED LED,smt,True
153.75,-116.175,-90.0,top,D3,,,D_SOD-323,D_Schottky,smt,True
151.78,-105.48,90.0,top,D4,,,D_SMC_Handsoldering,D_Schottky,smt,True
142.3515,-109.54,180.0,top,D5,,,D_SMP_DO-220AA,D_Schottky,smt,True
132.28,-109.54,-90.0,top,J1,,,"TerminalBlock_Phoenix_MKDS-1,5-2-5.08_1x02_P5.08mm_Horizontal",Screw_Terminal_01x02,tht,True
180.78,-121.73,90.0,top,J2,,,"TerminalBlock_Phoenix_MKDS-1,5-2-5.08_1x02_P5.08mm_Horizontal",Screw_Terminal_01x02,tht,True
180.78,-110.19,90.0,top,J3,,,"TerminalBlock_Phoenix_MKDS-1,5-2-5.08_1x02_P5.08mm_Horizontal",Screw_Terminal_01x02,tht,True
163.03,-110.18,0.0,top,L1,,,L_Wuerth_WE-PDF_Handsoldering,24uH,smt,True
142.2506,-119.025,90.0,top,R1,,,R_0603_1608Metric,1.1k,smt,True
143.8,-119.025,90.0,top,R2,,,R_0603_1608Metric,1.1k,smt,True
150.7,-120.375,0.0,top,R3,,,R_0603_1608Metric,68k,smt,True
151.875,-122.7,90.0,top,R4,,,R_0603_1608Metric,330k,smt,True
151.875,-118.05,-90.0,top,R5,,,R_0603_1608Metric,410k,smt,True
172.625,-110.19,180.0,top,R6,,,R_0603_1608Metric,0.2,smt,True
143.005,-114.15,0.0,top,R7,,,R_0603_1608Metric,270k,smt,True
139.957,-114.15,0.0,top,R8,,,R_0603_1608Metric,100k,smt,True
147.73,-116.1018,0.0,top,U1,,,MSOP-12-1EP_3x4mm_P0.65mm_EP1.65x2.85mm,LT3652EMSE,smt,True
