﻿Designator,Quantity,Value,Footprint,Package,MPN,DNP,Mount_Type,Description
"C1, C3, C5",3,10u,C_0603_1608Metric,,,,smt,Unpolarized capacitor
"C2, C4",2,1u,C_0603_1608Metric,,,,smt,Unpolarized capacitor
C6,1,100u,C_0603_1608Metric,,,,smt,Unpolarized capacitor
D1,1,GREEN LED,LED_0603_1608Metric,,,,smt,Light emitting diode
D2,1,RED LED,LED_0603_1608Metric,,,,smt,Light emitting diode
D3,1,D_Schottky,D_SOD-323,,,,smt,Schottky diode
D4,1,D_Schottky,D_SMC_Handsoldering,,,,smt,Schottky diode
D5,1,D_Schottky,D_SMP_DO-220AA,,,,smt,Schottky diode
"J1, J2, J3",3,Screw_Terminal_01x02,"TerminalBlock_Phoenix_MKDS-1,5-2-5.08_1x02_P5.08mm_Horizontal",,,,tht,"Generic screw terminal, single row, 01x02, script generated (kicad-library-utils/schlib/autogen/connector/)"
L1,1,24uH,L_Wuerth_WE-PDF_Handsoldering,,,,smt,Inductor
"R1, R2",2,1.1k,R_0603_1608Metric,,,,smt,Resistor
R3,1,68k,R_0603_1608Metric,,,,smt,Resistor
R4,1,330k,R_0603_1608Metric,,,,smt,Resistor
R5,1,410k,R_0603_1608Metric,,,,smt,Resistor
R6,1,0.2,R_0603_1608Metric,,,,smt,Resistor
R7,1,270k,R_0603_1608Metric,,,,smt,Resistor
R8,1,100k,R_0603_1608Metric,,,,smt,Resistor
U1,1,LT3652EMSE,MSOP-12-1EP_3x4mm_P0.65mm_EP1.65x2.85mm,,,,smt,"Step-down battery charger for solar power, Lithium Phosphate (LiFePO4), Lead (Pb), Lithium+ (Li+) , 4.95V to 32V VDD, 2A, -40 to +125 degree Celsius, MSOP-12"
